scenario,rows,coverage,treatment_effect_hat_mean,bias,rmse,ci_length_mean,n_selected_outcome_controls_mean,n_selected_treatment_controls_mean,outcome_lasso_penalty_mean,treatment_lasso_penalty_mean,standard_error_HC3_mean
large_corr_0_5,500,0.918,2.0269797907676077,0.026979790767607436,0.06193527089667447,0.21769703069191962,19.746,20.66,0.4392931917395555,0.1738447535216478,0.05553597729577837
medium_corr_0_2,500,0.7,2.095582635247047,0.09558263524704663,0.11811987517342225,0.26980922481162295,10.556,12.126,0.6112720337298516,0.2357438780508121,0.0688301486506496
medium_corr_0_0,500,0.422,2.1397889864439192,0.13978898644391946,0.1544382597542622,0.25609288938551245,5.168,5.568,0.6198114158129195,0.2404160567119405,0.06533101919360261
medium_corr_0_5,500,0.828,2.0608284365641985,0.06082843656419869,0.0947806472654295,0.2740531144314018,16.516,17.512,0.6047068420727567,0.231798242301461,0.06991279344750662
large_corr_0_2,500,0.858,2.0467313548495487,0.046731354849548774,0.07174629486718949,0.21599395860893886,13.36,15.202,0.4436548664239822,0.17646489769364618,0.055101512148353626
classical_low_dim,500,0.886,2.052063049208966,0.052063049208966226,0.08531591194429203,0.27037198841068355,6.218,6.536,0.4672535833221326,0.18483757394724382,0.06897371343130365
large_corr_0_0,500,0.724,2.073353472889281,0.07335347288928111,0.08967897224226565,0.2090253603941553,5.382,6.08,0.44889233243505133,0.17921228773060985,0.05332377585581177
near_p_equals_n,500,0.75,2.0880620960372833,0.0880620960372838,0.11283720559511747,0.2677852472013725,10.096,11.478,0.5958212311201776,0.23069927338418358,0.0683138183440176
p_equals_n,500,0.724,2.094238623539966,0.09423862353996662,0.11518007603399742,0.2677137053547063,10.078,11.618,0.6013942406097388,0.2324438706040292,0.06829556753756642
