scenario,rows,coverage,treatment_effect_hat_mean,bias,rmse,ci_length_mean,n_selected_outcome_controls_mean,n_selected_treatment_controls_mean,outcome_lasso_penalty_mean,treatment_lasso_penalty_mean,standard_error_HC3_mean
large_corr_0_5,500,0.94,2.0070780090015363,0.007078009001536135,0.056810561107685245,0.21805737796357397,17.952,17.61,0.359638037149418,0.15692530291665002,0.05562790430936044
medium_corr_0_2,500,0.904,2.031345517131375,0.03134551713137552,0.07877148405546419,0.27090600279123817,10.318,10.13,0.48075468765310986,0.20772234664011302,0.06910994409287875
medium_corr_0_0,500,0.854,2.0486650700748665,0.04866507007486655,0.08554463532918342,0.26598383360691297,3.808,4.026,0.4814591638602806,0.20814967283301672,0.06785426561532748
medium_corr_0_5,500,0.926,2.0172765517088886,0.017276551708888584,0.07631072054736088,0.27477610876391523,14.236,14.06,0.4660567880405882,0.20144401866426728,0.07009723416637091
large_corr_0_2,500,0.942,2.0159908266307687,0.01599082663076895,0.057891313089034294,0.2160864972461394,13.8,13.81,0.37165253971363676,0.1619428763682927,0.05512511937734621
classical_low_dim,500,0.924,2.022729681213879,0.022729681213879197,0.07267945852274799,0.2712769523639389,5.63,5.504,0.3867092907052413,0.16824547228754932,0.06920457582479494
large_corr_0_0,500,0.916,2.03021466221809,0.030214662218090018,0.062018496921267464,0.21246330316942255,5.084,5.29,0.37347046845607557,0.16280855597726618,0.05420081818985089
near_p_equals_n,500,0.896,2.027958446739052,0.02795844673905181,0.07826178092641017,0.2682639335725563,9.716,9.724,0.47123642644292274,0.20405563807719937,0.0684359344581298
p_equals_n,500,0.928,2.0335845605608083,0.03358456056080841,0.07614138397385097,0.26887342493848976,9.868,9.824,0.4749647802613407,0.2053717390587559,0.06859141980651913
